task_type,t2.large-1,t2.large-2,t2.large-3,t2.large-4,t2.large-5,c5.2xlarge-1,c5.2xlarge-2,c5.2xlarge-3
image_classification,76.88529240931264,76.88529240931264,76.88529240931264,76.88529240931264,76.88529240931264,26.91377639095499,26.91377639095499,26.91377639095499
object_detection,34.20441405423669,34.20441405423669,34.20441405423669,34.20441405423669,34.20441405423669,18.653649727962296,18.653649727962296,18.653649727962296
question_answering,41.55133856356777,41.55133856356777,41.55133856356777,41.55133856356777,41.55133856356777,14.645615238911432,14.645615238911432,14.645615238911432
speech_recognition,577.0244754041968,577.0244754041968,577.0244754041968,577.0244754041968,577.0244754041968,187.8522334692821,187.8522334692821,187.8522334692821
