task_type,t2.large-1,c5.2xlarge-1,c5.2xlarge-2,c5.2xlarge-3,g4dn.xlarge-1
image_classification,72.4282972136223,25.559551190564044,25.559551190564044,25.559551190564044,8.29675660224135
object_detection,31.841428571428573,18.74377945755655,18.74377945755655,18.74377945755655,9.939472515160674
question_answering,36.87025641025641,15.156778920642742,15.156778920642742,15.156778920642742,3.185754024769605
speech_recognition,565.6597802197803,192.6714141589219,192.6714141589219,192.6714141589219,19.438394567567276
