task_type,t2.large-1,t2.large-2,t2.large-3,t2.large-4,t2.large-5,t2.large-6,t2.large-7,c5.2xlarge-1,c5.2xlarge-2,g4dn.xlarge-1
image_classification,73.66850803724753,73.66850803724753,73.66850803724753,73.66850803724753,73.66850803724753,73.66850803724753,73.66850803724753,23.95598224953064,23.95598224953064,8.272915063972317
object_detection,33.21240728692409,33.21240728692409,33.21240728692409,33.21240728692409,33.21240728692409,33.21240728692409,33.21240728692409,19.446759428748443,19.446759428748443,10.070771042616958
question_answering,36.91780122771719,36.91780122771719,36.91780122771719,36.91780122771719,36.91780122771719,36.91780122771719,36.91780122771719,15.443605856956662,15.443605856956662,3.136400678829143
speech_recognition,574.4766875981162,574.4766875981162,574.4766875981162,574.4766875981162,574.4766875981162,574.4766875981162,574.4766875981162,187.51345519610263,187.51345519610263,19.123470402403733
