task_type,t2.large-1,t2.large-2,t2.large-3,t2.large-4,t2.large-5,t2.large-6,t2.large-7,t2.large-8,t2.large-9,t2.large-10,t2.large-11,c5.2xlarge-1,c5.2xlarge-2,c5.2xlarge-3,c5.2xlarge-4,g4dn.xlarge-1
image_classification,74.83543952958884,74.83543952958884,74.83543952958884,74.83543952958884,74.83543952958884,74.83543952958884,74.83543952958884,74.83543952958884,74.83543952958884,74.83543952958884,74.83543952958884,35.14022806388695,35.14022806388695,35.14022806388695,35.14022806388695,8.382963796895686
object_detection,36.05752690344663,36.05752690344663,36.05752690344663,36.05752690344663,36.05752690344663,36.05752690344663,36.05752690344663,36.05752690344663,36.05752690344663,36.05752690344663,36.05752690344663,28.051124259512413,28.051124259512413,28.051124259512413,28.051124259512413,11.136215538847116
question_answering,35.332049509423555,35.332049509423555,35.332049509423555,35.332049509423555,35.332049509423555,35.332049509423555,35.332049509423555,35.332049509423555,35.332049509423555,35.332049509423555,35.332049509423555,16.52658175970617,16.52658175970617,16.52658175970617,16.52658175970617,3.098888888888889
speech_recognition,575.9924666683349,575.9924666683349,575.9924666683349,575.9924666683349,575.9924666683349,575.9924666683349,575.9924666683349,575.9924666683349,575.9924666683349,575.9924666683349,575.9924666683349,243.1920825375605,243.1920825375605,243.1920825375605,243.1920825375605,19.244976596629915
