task_type,t2.large-1,t2.large-2,t2.large-3,t2.large-4,t2.large-5,t2.large-6,t2.large-7,c5.2xlarge-1,c5.2xlarge-2,g4dn.xlarge-1
image_classification,73.41151324516143,73.41151324516143,73.41151324516143,73.41151324516143,73.41151324516143,73.41151324516143,73.41151324516143,26.82877831265869,26.82877831265869,8.241351916376306
object_detection,33.72455372225305,33.72455372225305,33.72455372225305,33.72455372225305,33.72455372225305,33.72455372225305,33.72455372225305,20.175968308477984,20.175968308477984,10.78015873015873
question_answering,35.08051662513734,35.08051662513734,35.08051662513734,35.08051662513734,35.08051662513734,35.08051662513734,35.08051662513734,12.798004967460802,12.798004967460802,3.118162393162393
speech_recognition,575.1075175528224,575.1075175528224,575.1075175528224,575.1075175528224,575.1075175528224,575.1075175528224,575.1075175528224,203.74950933403105,203.74950933403105,18.87673494527153
