task_type,t2.large-1,t2.large-2,t2.large-3,t2.large-4,t2.large-5,t2.large-6,t2.large-7,t2.large-8,t2.large-9,t2.large-10,t2.large-11,t2.large-12,t2.large-13,t2.large-14,c5.2xlarge-1,c5.2xlarge-2
image_classification,90.82889988739677,90.82889988739677,90.82889988739677,90.82889988739677,90.82889988739677,90.82889988739677,90.82889988739677,90.82889988739677,90.82889988739677,90.82889988739677,90.82889988739677,90.82889988739677,90.82889988739677,90.82889988739677,35.59085323496294,35.59085323496294
object_detection,39.40748451294393,39.40748451294393,39.40748451294393,39.40748451294393,39.40748451294393,39.40748451294393,39.40748451294393,39.40748451294393,39.40748451294393,39.40748451294393,39.40748451294393,39.40748451294393,39.40748451294393,39.40748451294393,24.742647485080987,24.742647485080987
question_answering,41.874593929352955,41.874593929352955,41.874593929352955,41.874593929352955,41.874593929352955,41.874593929352955,41.874593929352955,41.874593929352955,41.874593929352955,41.874593929352955,41.874593929352955,41.874593929352955,41.874593929352955,41.874593929352955,15.511256803724834,15.511256803724834
speech_recognition,695.0301018335809,695.0301018335809,695.0301018335809,695.0301018335809,695.0301018335809,695.0301018335809,695.0301018335809,695.0301018335809,695.0301018335809,695.0301018335809,695.0301018335809,695.0301018335809,695.0301018335809,695.0301018335809,205.99112182262184,205.99112182262184
