task_type,t2.large-1,c5.2xlarge-1,c5.2xlarge-2,c5.2xlarge-3,g4dn.xlarge-1
image_classification,71.10336507936509,27.44591593628287,27.44591593628287,27.44591593628287,8.260152663791903
object_detection,31.712015912015907,19.225538346684836,19.225538346684836,19.225538346684836,10.054252443500411
question_answering,33.126495726495726,16.147372489691683,16.147372489691683,16.147372489691683,3.1124813713250594
speech_recognition,565.9788168772757,207.05393167731773,207.05393167731773,207.05393167731773,18.816063647885887
