task_type,t2.large-1,t2.large-2,t2.large-3,t2.large-4,t2.large-5,t2.large-6,t2.large-7,t2.large-8,t2.large-9,t2.large-10,t2.large-11,t2.large-12,t2.large-13,t2.large-14,t2.large-15,c5.2xlarge-1
image_classification,78.77776088658503,78.77776088658503,78.77776088658503,78.77776088658503,78.77776088658503,78.77776088658503,78.77776088658503,78.77776088658503,78.77776088658503,78.77776088658503,78.77776088658503,78.77776088658503,78.77776088658503,78.77776088658503,78.77776088658503,24.17517797991482
object_detection,36.952826552532436,36.952826552532436,36.952826552532436,36.952826552532436,36.952826552532436,36.952826552532436,36.952826552532436,36.952826552532436,36.952826552532436,36.952826552532436,36.952826552532436,36.952826552532436,36.952826552532436,36.952826552532436,36.952826552532436,24.689285714285713
question_answering,36.77191658442397,36.77191658442397,36.77191658442397,36.77191658442397,36.77191658442397,36.77191658442397,36.77191658442397,36.77191658442397,36.77191658442397,36.77191658442397,36.77191658442397,36.77191658442397,36.77191658442397,36.77191658442397,36.77191658442397,17.212221765162944
speech_recognition,607.7066252156856,607.7066252156856,607.7066252156856,607.7066252156856,607.7066252156856,607.7066252156856,607.7066252156856,607.7066252156856,607.7066252156856,607.7066252156856,607.7066252156856,607.7066252156856,607.7066252156856,607.7066252156856,607.7066252156856,214.21358730158732
