task_type,t2.large-1,t2.large-2,t2.large-3,t2.large-4,t2.large-5,t2.large-6,t2.large-7,t2.large-8,t2.large-9,t2.large-10,t2.large-11,t2.large-12,t2.large-13,t2.large-14,t2.large-15,g4dn.xlarge-1
image_classification,75.17175036418689,75.17175036418689,75.17175036418689,75.17175036418689,75.17175036418689,75.17175036418689,75.17175036418689,75.17175036418689,75.17175036418689,75.17175036418689,75.17175036418689,75.17175036418689,75.17175036418689,75.17175036418689,75.17175036418689,8.194698264698264
object_detection,36.11033955081128,36.11033955081128,36.11033955081128,36.11033955081128,36.11033955081128,36.11033955081128,36.11033955081128,36.11033955081128,36.11033955081128,36.11033955081128,36.11033955081128,36.11033955081128,36.11033955081128,36.11033955081128,36.11033955081128,11.280235172912517
question_answering,35.35358966214385,35.35358966214385,35.35358966214385,35.35358966214385,35.35358966214385,35.35358966214385,35.35358966214385,35.35358966214385,35.35358966214385,35.35358966214385,35.35358966214385,35.35358966214385,35.35358966214385,35.35358966214385,35.35358966214385,3.0
speech_recognition,577.8113846840008,577.8113846840008,577.8113846840008,577.8113846840008,577.8113846840008,577.8113846840008,577.8113846840008,577.8113846840008,577.8113846840008,577.8113846840008,577.8113846840008,577.8113846840008,577.8113846840008,577.8113846840008,577.8113846840008,18.963561076604556
