task_type,t2.large-1,t2.large-2,t2.large-3,t2.large-4,t2.large-5,c5.2xlarge-1,c5.2xlarge-2,c5.2xlarge-3
image_classification,123.70832754235043,123.70832754235043,123.70832754235043,123.70832754235043,123.70832754235043,23.939118483204545,23.939118483204545,23.939118483204545
object_detection,45.2040166287746,45.2040166287746,45.2040166287746,45.2040166287746,45.2040166287746,18.137373614968634,18.137373614968634,18.137373614968634
question_answering,56.52660831911059,56.52660831911059,56.52660831911059,56.52660831911059,56.52660831911059,14.98605409520503,14.98605409520503,14.98605409520503
speech_recognition,893.7771859829548,893.7771859829548,893.7771859829548,893.7771859829548,893.7771859829548,209.064932704637,209.064932704637,209.064932704637
