task_type,t2.large-1,t2.large-2,t2.large-3,t2.large-4,t2.large-5,t2.large-6,t2.large-7,t2.large-8,t2.large-9,t2.large-10,t2.large-11,t2.large-12,t2.large-13,g4dn.xlarge-1
image_classification,81.18307039114731,81.18307039114731,81.18307039114731,81.18307039114731,81.18307039114731,81.18307039114731,81.18307039114731,81.18307039114731,81.18307039114731,81.18307039114731,81.18307039114731,81.18307039114731,81.18307039114731,14.456121442359782
object_detection,90.749666642069,90.749666642069,90.749666642069,90.749666642069,90.749666642069,90.749666642069,90.749666642069,90.749666642069,90.749666642069,90.749666642069,90.749666642069,90.749666642069,90.749666642069,56.79149126735333
question_answering,32.97442237249929,32.97442237249929,32.97442237249929,32.97442237249929,32.97442237249929,32.97442237249929,32.97442237249929,32.97442237249929,32.97442237249929,32.97442237249929,32.97442237249929,32.97442237249929,32.97442237249929,3.6528676085818943
speech_recognition,581.1024725274725,581.1024725274725,581.1024725274725,581.1024725274725,581.1024725274725,581.1024725274725,581.1024725274725,581.1024725274725,581.1024725274725,581.1024725274725,581.1024725274725,581.1024725274725,581.1024725274725,23.574429596496135
