task_type,t2.large-1,t2.large-2,t2.large-3,t2.large-4,t2.large-5,t2.large-6,t2.large-7,t2.large-8,t2.large-9,t2.large-10,t2.large-11,t2.large-12,t2.large-13,t2.large-14,t2.large-15,t2.large-16
image_classification,78.20028962867198,78.20028962867198,78.20028962867198,78.20028962867198,78.20028962867198,78.20028962867198,78.20028962867198,78.20028962867198,78.20028962867198,78.20028962867198,78.20028962867198,78.20028962867198,78.20028962867198,78.20028962867198,78.20028962867198,78.20028962867198
object_detection,110.78639083743421,110.78639083743421,110.78639083743421,110.78639083743421,110.78639083743421,110.78639083743421,110.78639083743421,110.78639083743421,110.78639083743421,110.78639083743421,110.78639083743421,110.78639083743421,110.78639083743421,110.78639083743421,110.78639083743421,110.78639083743421
question_answering,33.56566533344107,33.56566533344107,33.56566533344107,33.56566533344107,33.56566533344107,33.56566533344107,33.56566533344107,33.56566533344107,33.56566533344107,33.56566533344107,33.56566533344107,33.56566533344107,33.56566533344107,33.56566533344107,33.56566533344107,33.56566533344107
speech_recognition,581.3002083333333,581.3002083333333,581.3002083333333,581.3002083333333,581.3002083333333,581.3002083333333,581.3002083333333,581.3002083333333,581.3002083333333,581.3002083333333,581.3002083333333,581.3002083333333,581.3002083333333,581.3002083333333,581.3002083333333,581.3002083333333
