task_type,t2.large-1,g4dn.xlarge-1,g4dn.xlarge-2,g4dn.xlarge-3
image_classification,75.9025,11.965238327175985,11.965238327175985,11.965238327175985
object_detection,39.69080539185802,18.905981437460156,18.905981437460156,18.905981437460156
question_answering,35.489999999999995,3.4514923672818414,3.4514923672818414,3.4514923672818414
speech_recognition,590.55,22.234226738176336,22.234226738176336,22.234226738176336
