task_type,t2.large-1,t2.large-2,t2.large-3,t2.large-4,t2.large-5,t2.large-6,t2.large-7,t2.large-8,t2.large-9,t2.large-10,t2.large-11,t2.large-12,t2.large-13,t2.large-14,c5.2xlarge-1,g4dn.xlarge-1
image_classification,92.49831620760192,92.49831620760192,92.49831620760192,92.49831620760192,92.49831620760192,92.49831620760192,92.49831620760192,92.49831620760192,92.49831620760192,92.49831620760192,92.49831620760192,92.49831620760192,92.49831620760192,92.49831620760192,55.9498941300395,18.316146046935522
object_detection,108.9292491035369,108.9292491035369,108.9292491035369,108.9292491035369,108.9292491035369,108.9292491035369,108.9292491035369,108.9292491035369,108.9292491035369,108.9292491035369,108.9292491035369,108.9292491035369,108.9292491035369,108.9292491035369,109.07919413919414,60.379465822644235
question_answering,33.0552923267209,33.0552923267209,33.0552923267209,33.0552923267209,33.0552923267209,33.0552923267209,33.0552923267209,33.0552923267209,33.0552923267209,33.0552923267209,33.0552923267209,33.0552923267209,33.0552923267209,33.0552923267209,19.006666666666668,3.778232139768206
speech_recognition,581.5897959183674,581.5897959183674,581.5897959183674,581.5897959183674,581.5897959183674,581.5897959183674,581.5897959183674,581.5897959183674,581.5897959183674,581.5897959183674,581.5897959183674,581.5897959183674,581.5897959183674,581.5897959183674,182.9442857142857,23.723941707147816
