task_type,c5.2xlarge-1,c5.2xlarge-2,g4dn.xlarge-1,g4dn.xlarge-2
image_classification,25.653451558069662,25.653451558069662,11.0582583913579,11.0582583913579
object_detection,30.393594975699266,30.393594975699266,17.613590268340552,17.613590268340552
question_answering,13.710391896923937,13.710391896923937,3.425282054142496,3.425282054142496
speech_recognition,197.51032222679282,197.51032222679282,22.64658195627461,22.64658195627461
