task_type,t2.large-1,t2.large-2,t2.large-3,t2.large-4,t2.large-5,t2.large-6,t2.large-7,t2.large-8,t2.large-9,t2.large-10,t2.large-11,t2.large-12,t2.large-13,c5.2xlarge-1,c5.2xlarge-2,g4dn.xlarge-1
image_classification,95.85162440123977,95.85162440123977,95.85162440123977,95.85162440123977,95.85162440123977,95.85162440123977,95.85162440123977,95.85162440123977,95.85162440123977,95.85162440123977,95.85162440123977,95.85162440123977,95.85162440123977,55.509147552138266,55.509147552138266,19.89835123367199
object_detection,108.547101030403,108.547101030403,108.547101030403,108.547101030403,108.547101030403,108.547101030403,108.547101030403,108.547101030403,108.547101030403,108.547101030403,108.547101030403,108.547101030403,108.547101030403,123.84331002331002,123.84331002331002,64.74723320158103
question_answering,33.46324829017137,33.46324829017137,33.46324829017137,33.46324829017137,33.46324829017137,33.46324829017137,33.46324829017137,33.46324829017137,33.46324829017137,33.46324829017137,33.46324829017137,33.46324829017137,33.46324829017137,18.791578947368418,18.791578947368418,4.036124661246612
speech_recognition,582.0304029304029,582.0304029304029,582.0304029304029,582.0304029304029,582.0304029304029,582.0304029304029,582.0304029304029,582.0304029304029,582.0304029304029,582.0304029304029,582.0304029304029,582.0304029304029,582.0304029304029,193.9816761600972,193.9816761600972,23.600996639874516
