task_type,t2.large-1,c5.2xlarge-1,g4dn.xlarge-1,g4dn.xlarge-2
image_classification,77.10952380952381,28.51892367281841,9.71673095177103,9.71673095177103
object_detection,37.01384615384616,20.334099378881987,11.486427729978551,11.486427729978551
question_answering,41.236666666666665,15.672202898550726,4.530028483968933,4.530028483968933
speech_recognition,567.5473015873015,186.19668737060042,20.915791064094954,20.915791064094954
