task_type,t2.large-1,t2.large-2,t2.large-3,t2.large-4,t2.large-5,t2.large-6,t2.large-7,c5.2xlarge-1,g4dn.xlarge-1,g4dn.xlarge-2
image_classification,79.9806179138322,79.9806179138322,79.9806179138322,79.9806179138322,79.9806179138322,79.9806179138322,79.9806179138322,29.61309523809524,9.961035669745089,9.961035669745089
object_detection,41.54810657596372,41.54810657596372,41.54810657596372,41.54810657596372,41.54810657596372,41.54810657596372,41.54810657596372,22.343601427811954,11.766242808361307,11.766242808361307
question_answering,42.78713600591752,42.78713600591752,42.78713600591752,42.78713600591752,42.78713600591752,42.78713600591752,42.78713600591752,18.409358974358973,4.673412219217325,4.673412219217325
speech_recognition,577.0894897959184,577.0894897959184,577.0894897959184,577.0894897959184,577.0894897959184,577.0894897959184,577.0894897959184,191.85391812865495,21.224690811942263,21.224690811942263
