task_type,t2.large-1,t2.large-2,t2.large-3,c5.2xlarge-1,c5.2xlarge-2,c5.2xlarge-3,g4dn.xlarge-1,g4dn.xlarge-2
image_classification,78.46661727161727,78.46661727161727,78.46661727161727,30.609222602884152,30.609222602884152,30.609222602884152,9.997441868250945,9.997441868250945
object_detection,38.419509379509385,38.419509379509385,38.419509379509385,22.76443362874942,22.76443362874942,22.76443362874942,11.95243585101621,11.95243585101621
question_answering,42.377169312169315,42.377169312169315,42.377169312169315,15.964496206146496,15.964496206146496,15.964496206146496,4.891744902966245,4.891744902966245
speech_recognition,578.4073015873016,578.4073015873016,578.4073015873016,186.27270467836257,186.27270467836257,186.27270467836257,21.493840395898548,21.493840395898548
